{
  "tasks": [
    {
      "ID": 1,
      "Assigned_Employee_ID": 1,
      "Owner_ID": 1,
      "Subject": "Plans 2015",
      "Start_Date": "2015-01-01T00:00:00",
      "Due_Date": "2015-04-01T00:00:00",
      "Status": "Completed",
      "Priority": 4,
      "Completion": 100,
      "Parent_ID": 0
    },
    {
      "ID": 2,
      "Assigned_Employee_ID": 2,
      "Owner_ID": 1,
      "Subject": "Health Insurance",
      "Start_Date": "2015-02-12T00:00:00",
      "Due_Date": "2015-05-30T00:00:00",
      "Status": "In Progress",
      "Priority": 4,
      "Completion": 75,
      "Parent_ID": 0
    },
    {
      "ID": 3,
      "Assigned_Employee_ID": 4,
      "Owner_ID": 4,
      "Subject": "New Brochures",
      "Start_Date": "2015-02-17T00:00:00",
      "Due_Date": "2015-03-01T00:00:00",
      "Status": "Completed",
      "Priority": 3,
      "Completion": 100,
      "Parent_ID": 0
    },
    {
      "ID": 4,
      "Assigned_Employee_ID": 31,
      "Owner_ID": 33,
      "Subject": "Training",
      "Start_Date": "2015-03-02T00:00:00",
      "Due_Date": "2015-06-29T00:00:00",
      "Status": "Completed",
      "Priority": 3,
      "Completion": 100,
      "Parent_ID": 0
    },
    {
      "ID": 5,
      "Assigned_Employee_ID": 5,
      "Owner_ID": 5,
      "Subject": "NDA",
      "Start_Date": "2015-03-12T00:00:00",
      "Due_Date": "2015-05-01T00:00:00",
      "Status": "In Progress",
      "Priority": 3,
      "Completion": 90,
      "Parent_ID": 0
    },
    {
      "ID": 6,
      "Assigned_Employee_ID": 7,
      "Owner_ID": 1,
      "Subject": "Revenue Projections",
      "Start_Date": "2015-03-24T00:00:00",
      "Due_Date": "2015-04-15T00:00:00",
      "Status": "Completed",
      "Priority": 3,
      "Completion": 100,
      "Parent_ID": 0
    },
    {
      "ID": 7,
      "Assigned_Employee_ID": 9,
      "Owner_ID": 9,
      "Subject": "TV Recall",
      "Start_Date": "2015-04-18T00:00:00",
      "Due_Date": "2016-02-04T00:00:00",
      "Status": "In Progress",
      "Priority": 4,
      "Completion": 90,
      "Parent_ID": 0
    },
    {
      "ID": 8,
      "Assigned_Employee_ID": 6,
      "Owner_ID": 5,
      "Subject": "Overtime",
      "Start_Date": "2015-06-10T00:00:00",
      "Due_Date": "2015-06-20T00:00:00",
      "Status": "Completed",
      "Priority": 2,
      "Completion": 100,
      "Parent_ID": 0
    },
    {
      "ID": 9,
      "Assigned_Employee_ID": 8,
      "Owner_ID": 12,
      "Subject": "Recall and Refund Forms",
      "Start_Date": "2015-06-17T00:00:00",
      "Due_Date": "2016-04-09T00:00:00",
      "Status": "Completed",
      "Priority": 2,
      "Completion": 100,
      "Parent_ID": 0
    },
    {
      "ID": 10,
      "Assigned_Employee_ID": 10,
      "Owner_ID": 8,
      "Subject": "Shippers",
      "Start_Date": "2015-07-10T00:00:00",
      "Due_Date": "2016-04-11T00:00:00",
      "Status": "Completed",
      "Priority": 2,
      "Completion": 100,
      "Parent_ID": 0
    },
    {
      "ID": 11,
      "Assigned_Employee_ID": 6,
      "Owner_ID": 22,
      "Subject": "Hardware Upgrade",
      "Start_Date": "2015-07-22T00:00:00",
      "Due_Date": "2016-05-01T00:00:00",
      "Status": "In Progress",
      "Priority": 3,
      "Completion": 95,
      "Parent_ID": 0
    },
    {
      "ID": 12,
      "Assigned_Employee_ID": 6,
      "Owner_ID": 24,
      "Subject": "Touch-Enabled Apps",
      "Start_Date": "2015-08-05T00:00:00",
      "Due_Date": "2016-04-30T00:00:00",
      "Status": "In Progress",
      "Priority": 2,
      "Completion": 90,
      "Parent_ID": 0
    },
    {
      "ID": 13,
      "Assigned_Employee_ID": 6,
      "Owner_ID": 6,
      "Subject": "Online Sales",
      "Start_Date": "2015-08-20T00:00:00",
      "Due_Date": "2015-09-15T00:00:00",
      "Status": "Completed",
      "Priority": 4,
      "Completion": 100,
      "Parent_ID": 0
    },
    {
      "ID": 14,
      "Assigned_Employee_ID": 6,
      "Owner_ID": 8,
      "Subject": "New Website Design",
      "Start_Date": "2015-09-17T00:00:00",
      "Due_Date": "2015-11-01T00:00:00",
      "Status": "Completed",
      "Priority": 4,
      "Completion": 100,
      "Parent_ID": 0
    },
    {
      "ID": 15,
      "Assigned_Employee_ID": 6,
      "Owner_ID": 22,
      "Subject": "Bandwidth Increase",
      "Start_Date": "2015-11-01T00:00:00",
      "Due_Date": "2015-11-07T00:00:00",
      "Status": "Completed",
      "Priority": 3,
      "Completion": 100,
      "Parent_ID": 0
    },
    {
      "ID": 16,
      "Assigned_Employee_ID": 18,
      "Owner_ID": 9,
      "Subject": "Support",
      "Start_Date": "2015-11-10T00:00:00",
      "Due_Date": "2015-11-15T00:00:00",
      "Status": "Completed",
      "Priority": 2,
      "Completion": 100,
      "Parent_ID": 0
    },
    {
      "ID": 17,
      "Assigned_Employee_ID": 31,
      "Owner_ID": 31,
      "Subject": "Training Material",
      "Start_Date": "2015-11-14T00:00:00",
      "Due_Date": "2016-02-05T00:00:00",
      "Status": "Completed",
      "Priority": 3,
      "Completion": 100,
      "Parent_ID": 0
    },
    {
      "ID": 18,
      "Assigned_Employee_ID": 22,
      "Owner_ID": 3,
      "Subject": "New Database",
      "Start_Date": "2015-12-24T00:00:00",
      "Due_Date": "2015-12-29T00:00:00",
      "Status": "Completed",
      "Priority": 4,
      "Completion": 95,
      "Parent_ID": 0
    },
    {
      "ID": 19,
      "Assigned_Employee_ID": 32,
      "Owner_ID": 3,
      "Subject": "New HDMI Specification",
      "Start_Date": "2016-01-02T00:00:00",
      "Due_Date": "2016-01-31T00:00:00",
      "Status": "Deferred",
      "Priority": 2,
      "Completion": 50,
      "Parent_ID": 0
    },
    {
      "ID": 20,
      "Assigned_Employee_ID": 3,
      "Owner_ID": 3,
      "Subject": "Automation Server",
      "Start_Date": "2016-01-15T00:00:00",
      "Due_Date": "2016-04-30T00:00:00",
      "Status": "In Progress",
      "Priority": 3,
      "Completion": 85,
      "Parent_ID": 0
    },
    {
      "ID": 21,
      "Assigned_Employee_ID": 40,
      "Owner_ID": 8,
      "Subject": "Retail Sales",
      "Start_Date": "2016-01-20T00:00:00",
      "Due_Date": "2016-02-10T00:00:00",
      "Status": "Completed",
      "Priority": 4,
      "Completion": 100,
      "Parent_ID": 0
    },
    {
      "ID": 22,
      "Assigned_Employee_ID": 1,
      "Owner_ID": 1,
      "Subject": "Reports",
      "Start_Date": "2016-03-13T00:00:00",
      "Due_Date": "2016-05-07T00:00:00",
      "Status": "In Progress",
      "Priority": 4,
      "Completion": 50,
      "Parent_ID": 0
    },
    {
      "ID": 23,
      "Assigned_Employee_ID": 5,
      "Owner_ID": 1,
      "Subject": "Budget",
      "Start_Date": "2016-03-20T00:00:00",
      "Due_Date": "2016-04-01T00:00:00",
      "Status": "In Progress",
      "Priority": 4,
      "Completion": 30,
      "Parent_ID": 0
    },
    {
      "ID": 24,
      "Assigned_Employee_ID": 13,
      "Owner_ID": 10,
      "Subject": "Shipping Labels",
      "Start_Date": "2016-04-01T00:00:00",
      "Due_Date": "2016-04-15T00:00:00",
      "Status": "In Progress",
      "Priority": 2,
      "Completion": 50,
      "Parent_ID": 0
    },
    {
      "ID": 25,
      "Assigned_Employee_ID": 10,
      "Owner_ID": 10,
      "Subject": "New Warehouse",
      "Start_Date": "2016-04-05T00:00:00",
      "Due_Date": "2016-04-15T00:00:00",
      "Status": "In Progress",
      "Priority": 2,
      "Completion": 65,
      "Parent_ID": 0
    },
    {
      "ID": 26,
      "Assigned_Employee_ID": 10,
      "Owner_ID": 10,
      "Subject": "Forklift",
      "Start_Date": "2016-04-07T00:00:00",
      "Due_Date": "2016-04-20T00:00:00",
      "Status": "In Progress",
      "Priority": 2,
      "Completion": 20,
      "Parent_ID": 0
    },
    {
      "ID": 27,
      "Assigned_Employee_ID": 1,
      "Owner_ID": 30,
      "Subject": "Customer Follow Up Plan",
      "Start_Date": "2016-05-05T00:00:00",
      "Due_Date": "2016-05-11T00:00:00",
      "Status": "In Progress",
      "Priority": 2,
      "Completion": 40,
      "Parent_ID": 0
    },
    {
      "ID": 28,
      "Assigned_Employee_ID": 7,
      "Owner_ID": 1,
      "Subject": "Prepare 2015 Financial",
      "Start_Date": "2015-01-15T00:00:00",
      "Due_Date": "2015-01-31T00:00:00",
      "Status": "Completed",
      "Priority": 4,
      "Completion": 100,
      "Parent_ID": 1
    },
    {
      "ID": 29,
      "Assigned_Employee_ID": 4,
      "Owner_ID": 1,
      "Subject": "Prepare 2015 Marketing Plan",
      "Start_Date": "2015-01-01T00:00:00",
      "Due_Date": "2015-01-31T00:00:00",
      "Status": "Completed",
      "Priority": 4,
      "Completion": 100,
      "Parent_ID": 1
    },
    {
      "ID": 30,
      "Assigned_Employee_ID": 2,
      "Owner_ID": 1,
      "Subject": "Review Health Insurance Options Under the Affordable Care Act",
      "Start_Date": "2015-02-12T00:00:00",
      "Due_Date": "2015-04-25T00:00:00",
      "Status": "In Progress",
      "Priority": 4,
      "Completion": 50,
      "Parent_ID": 2
    },
    {
      "ID": 31,
      "Assigned_Employee_ID": 1,
      "Owner_ID": 2,
      "Subject": "Choose between PPO and HMO Health Plan",
      "Start_Date": "2015-02-15T00:00:00",
      "Due_Date": "2015-04-15T00:00:00",
      "Status": "In Progress",
      "Priority": 4,
      "Completion": 75,
      "Parent_ID": 2
    },
    {
      "ID": 32,
      "Assigned_Employee_ID": 1,
      "Owner_ID": 4,
      "Subject": "Google AdWords Strategy",
      "Start_Date": "2015-02-16T00:00:00",
      "Due_Date": "2015-02-28T00:00:00",
      "Status": "Completed",
      "Priority": 4,
      "Completion": 100,
      "Parent_ID": 29
    },
    {
      "ID": 34,
      "Assigned_Employee_ID": 28,
      "Owner_ID": 1,
      "Subject": "2015 Brochure Designs",
      "Start_Date": "2015-02-19T00:00:00",
      "Due_Date": "2015-02-24T00:00:00",
      "Status": "Completed",
      "Priority": 3,
      "Completion": 100,
      "Parent_ID": 3
    },
    {
      "ID": 35,
      "Assigned_Employee_ID": 29,
      "Owner_ID": 28,
      "Subject": "Brochure Design Review",
      "Start_Date": "2015-02-19T00:00:00",
      "Due_Date": "2015-02-22T00:00:00",
      "Status": "Completed",
      "Priority": 2,
      "Completion": 100,
      "Parent_ID": 34
    },
    {
      "ID": 36,
      "Assigned_Employee_ID": 29,
      "Owner_ID": 28,
      "Subject": "Website Re-Design Plan",
      "Start_Date": "2015-02-19T00:00:00",
      "Due_Date": "2015-02-24T00:00:00",
      "Status": "Completed",
      "Priority": 4,
      "Completion": 100,
      "Parent_ID": 34
    },
    {
      "ID": 37,
      "Assigned_Employee_ID": 4,
      "Owner_ID": 1,
      "Subject": "Rollout of New Website and Marketing Brochures",
      "Start_Date": "2015-02-20T00:00:00",
      "Due_Date": "2015-02-28T00:00:00",
      "Status": "Completed",
      "Priority": 4,
      "Completion": 100,
      "Parent_ID": 3
    },
    {
      "ID": 38,
      "Assigned_Employee_ID": 8,
      "Owner_ID": 4,
      "Subject": "Update Sales Strategy Documents",
      "Start_Date": "2015-02-20T00:00:00",
      "Due_Date": "2015-02-22T00:00:00",
      "Status": "Completed",
      "Priority": 2,
      "Completion": 100,
      "Parent_ID": 29
    },
    {
      "ID": 39,
      "Assigned_Employee_ID": 41,
      "Owner_ID": 8,
      "Subject": "Create 2012 Sales Report",
      "Start_Date": "2015-02-20T00:00:00",
      "Due_Date": "2015-02-21T00:00:00",
      "Status": "Completed",
      "Priority": 2,
      "Completion": 100,
      "Parent_ID": 29
    },
    {
      "ID": 40,
      "Assigned_Employee_ID": 42,
      "Owner_ID": 41,
      "Subject": "Direct vs Online Sales Comparison Report",
      "Start_Date": "2015-02-20T00:00:00",
      "Due_Date": "2015-02-22T00:00:00",
      "Status": "Completed",
      "Priority": 4,
      "Completion": 100,
      "Parent_ID": 29
    },
    {
      "ID": 41,
      "Assigned_Employee_ID": 4,
      "Owner_ID": 41,
      "Subject": "Review 2012 Sales Report and Approve 2015 Plans",
      "Start_Date": "2015-02-23T00:00:00",
      "Due_Date": "2015-02-28T00:00:00",
      "Status": "Completed",
      "Priority": 2,
      "Completion": 100,
      "Parent_ID": 29
    },
    {
      "ID": 42,
      "Assigned_Employee_ID": 3,
      "Owner_ID": 1,
      "Subject": "Deliver R&D Plans for 2015",
      "Start_Date": "2015-03-01T00:00:00",
      "Due_Date": "2015-03-10T00:00:00",
      "Status": "Completed",
      "Priority": 4,
      "Completion": 100,
      "Parent_ID": 1
    },
    {
      "ID": 43,
      "Assigned_Employee_ID": 32,
      "Owner_ID": 3,
      "Subject": "Create 2015 R&D Plans",
      "Start_Date": "2015-03-01T00:00:00",
      "Due_Date": "2015-03-07T00:00:00",
      "Status": "Completed",
      "Priority": 2,
      "Completion": 100,
      "Parent_ID": 42
    },
    {
      "ID": 44,
      "Assigned_Employee_ID": 33,
      "Owner_ID": 32,
      "Subject": "2015 QA Strategy Report",
      "Start_Date": "2015-03-02T00:00:00",
      "Due_Date": "2015-03-05T00:00:00",
      "Status": "Completed",
      "Priority": 2,
      "Completion": 100,
      "Parent_ID": 42
    },
    {
      "ID": 45,
      "Assigned_Employee_ID": 31,
      "Owner_ID": 33,
      "Subject": "2015 Training Events",
      "Start_Date": "2015-03-02T00:00:00",
      "Due_Date": "2015-03-04T00:00:00",
      "Status": "Completed",
      "Priority": 4,
      "Completion": 100,
      "Parent_ID": 4
    },
    {
      "ID": 46,
      "Assigned_Employee_ID": 2,
      "Owner_ID": 5,
      "Subject": "Non-Compete Agreements",
      "Start_Date": "2015-03-12T00:00:00",
      "Due_Date": "2015-03-14T00:00:00",
      "Status": "Completed",
      "Priority": 1,
      "Completion": 100,
      "Parent_ID": 5
    },
    {
      "ID": 47,
      "Assigned_Employee_ID": 1,
      "Owner_ID": 2,
      "Subject": "Update NDA Agreement",
      "Start_Date": "2015-03-14T00:00:00",
      "Due_Date": "2015-03-16T00:00:00",
      "Status": "Completed",
      "Priority": 4,
      "Completion": 100,
      "Parent_ID": 5
    },
    {
      "ID": 48,
      "Assigned_Employee_ID": 5,
      "Owner_ID": 2,
      "Subject": "Update Employee Files with New NDA",
      "Start_Date": "2015-03-16T00:00:00",
      "Due_Date": "2015-03-26T00:00:00",
      "Status": "Need Assistance",
      "Priority": 2,
      "Completion": 90,
      "Parent_ID": 5
    },
    {
      "ID": 49,
      "Assigned_Employee_ID": 6,
      "Owner_ID": 5,
      "Subject": "Sign Updated NDA",
      "Start_Date": "2015-03-20T00:00:00",
      "Due_Date": "2015-03-25T00:00:00",
      "Status": "Completed",
      "Priority": 3,
      "Completion": 100,
      "Parent_ID": 5
    },
    {
      "ID": 50,
      "Assigned_Employee_ID": 7,
      "Owner_ID": 5,
      "Subject": "Sign Updated NDA",
      "Start_Date": "2015-03-20T00:00:00",
      "Due_Date": "2015-03-25T00:00:00",
      "Status": "Completed",
      "Priority": 3,
      "Completion": 100,
      "Parent_ID": 5
    },
    {
      "ID": 51,
      "Assigned_Employee_ID": 8,
      "Owner_ID": 5,
      "Subject": "Sign Updated NDA",
      "Start_Date": "2015-03-20T00:00:00",
      "Due_Date": "2015-03-25T00:00:00",
      "Status": "Need Assistance",
      "Priority": 3,
      "Completion": 25,
      "Parent_ID": 5
    },
    {
      "ID": 52,
      "Assigned_Employee_ID": 9,
      "Owner_ID": 5,
      "Subject": "Sign Updated NDA",
      "Start_Date": "2015-03-20T00:00:00",
      "Due_Date": "2015-03-25T00:00:00",
      "Status": "In Progress",
      "Priority": 3,
      "Completion": 100,
      "Parent_ID": 5
    },
    {
      "ID": 53,
      "Assigned_Employee_ID": 17,
      "Owner_ID": 9,
      "Subject": "Submit Questions Regarding New NDA",
      "Start_Date": "2015-03-21T00:00:00",
      "Due_Date": "2015-03-24T00:00:00",
      "Status": "Completed",
      "Priority": 4,
      "Completion": 100,
      "Parent_ID": 5
    },
    {
      "ID": 54,
      "Assigned_Employee_ID": 18,
      "Owner_ID": 9,
      "Subject": "Submit Questions Regarding New NDA",
      "Start_Date": "2015-03-21T00:00:00",
      "Due_Date": "2015-03-24T00:00:00",
      "Status": "Completed",
      "Priority": 4,
      "Completion": 100,
      "Parent_ID": 5
    },
    {
      "ID": 55,
      "Assigned_Employee_ID": 19,
      "Owner_ID": 9,
      "Subject": "Submit Questions Regarding New NDA",
      "Start_Date": "2015-03-21T00:00:00",
      "Due_Date": "2015-03-24T00:00:00",
      "Status": "Need Assistance",
      "Priority": 4,
      "Completion": 25,
      "Parent_ID": 5
    },
    {
      "ID": 56,
      "Assigned_Employee_ID": 14,
      "Owner_ID": 10,
      "Subject": "Submit Signed NDA",
      "Start_Date": "2015-03-22T00:00:00",
      "Due_Date": "2015-03-24T00:00:00",
      "Status": "Completed",
      "Priority": 3,
      "Completion": 100,
      "Parent_ID": 5
    },
    {
      "ID": 57,
      "Assigned_Employee_ID": 13,
      "Owner_ID": 10,
      "Subject": "Submit Signed NDA",
      "Start_Date": "2015-03-22T00:00:00",
      "Due_Date": "2015-03-24T00:00:00",
      "Status": "Completed",
      "Priority": 3,
      "Completion": 100,
      "Parent_ID": 5
    },
    {
      "ID": 58,
      "Assigned_Employee_ID": 15,
      "Owner_ID": 10,
      "Subject": "Submit Signed NDA",
      "Start_Date": "2015-03-22T00:00:00",
      "Due_Date": "2015-03-24T00:00:00",
      "Status": "Completed",
      "Priority": 3,
      "Completion": 100,
      "Parent_ID": 5
    },
    {
      "ID": 59,
      "Assigned_Employee_ID": 16,
      "Owner_ID": 10,
      "Subject": "Submit Signed NDA",
      "Start_Date": "2015-03-22T00:00:00",
      "Due_Date": "2015-03-24T00:00:00",
      "Status": "Completed",
      "Priority": 3,
      "Completion": 100,
      "Parent_ID": 5
    },
    {
      "ID": 60,
      "Assigned_Employee_ID": 7,
      "Owner_ID": 1,
      "Subject": "Update Revenue Projections",
      "Start_Date": "2015-03-24T00:00:00",
      "Due_Date": "2015-04-07T00:00:00",
      "Status": "Completed",
      "Priority": 2,
      "Completion": 100,
      "Parent_ID": 6
    },
    {
      "ID": 61,
      "Assigned_Employee_ID": 8,
      "Owner_ID": 7,
      "Subject": "Review Revenue Projections",
      "Start_Date": "2015-03-25T00:00:00",
      "Due_Date": "2015-04-06T00:00:00",
      "Status": "Completed",
      "Priority": 4,
      "Completion": 100,
      "Parent_ID": 6
    },
    {
      "ID": 62,
      "Assigned_Employee_ID": 41,
      "Owner_ID": 7,
      "Subject": "Comment on Revenue Projections",
      "Start_Date": "2015-03-25T00:00:00",
      "Due_Date": "2015-04-03T00:00:00",
      "Status": "Completed",
      "Priority": 3,
      "Completion": 100,
      "Parent_ID": 6
    },
    {
      "ID": 63,
      "Assigned_Employee_ID": 42,
      "Owner_ID": 7,
      "Subject": "Comment on Revenue Projections",
      "Start_Date": "2015-03-25T00:00:00",
      "Due_Date": "2015-04-03T00:00:00",
      "Status": "Completed",
      "Priority": 3,
      "Completion": 100,
      "Parent_ID": 6
    },
    {
      "ID": 64,
      "Assigned_Employee_ID": 45,
      "Owner_ID": 7,
      "Subject": "Comment on Revenue Projections",
      "Start_Date": "2015-03-25T00:00:00",
      "Due_Date": "2015-04-03T00:00:00",
      "Status": "Deferred",
      "Priority": 3,
      "Completion": 25,
      "Parent_ID": 6
    },
    {
      "ID": 65,
      "Assigned_Employee_ID": 5,
      "Owner_ID": 11,
      "Subject": "Provide New Health Insurance Docs",
      "Start_Date": "2015-03-28T00:00:00",
      "Due_Date": "2015-04-07T00:00:00",
      "Status": "Completed",
      "Priority": 2,
      "Completion": 100,
      "Parent_ID": 2
    },
    {
      "ID": 66,
      "Assigned_Employee_ID": 10,
      "Owner_ID": 11,
      "Subject": "Review Changes to Health Insurance Coverage",
      "Start_Date": "2015-04-07T00:00:00",
      "Due_Date": "2015-04-30T00:00:00",
      "Status": "Completed",
      "Priority": 2,
      "Completion": 100,
      "Parent_ID": 2
    },
    {
      "ID": 67,
      "Assigned_Employee_ID": 14,
      "Owner_ID": 10,
      "Subject": "Scan Health Insurance Forms",
      "Start_Date": "2015-04-15T00:00:00",
      "Due_Date": "2015-04-20T00:00:00",
      "Status": "Completed",
      "Priority": 2,
      "Completion": 100,
      "Parent_ID": 2
    },
    {
      "ID": 68,
      "Assigned_Employee_ID": 15,
      "Owner_ID": 14,
      "Subject": "Sign Health Insurance Forms",
      "Start_Date": "2015-04-16T00:00:00",
      "Due_Date": "2015-04-19T00:00:00",
      "Status": "Completed",
      "Priority": 4,
      "Completion": 100,
      "Parent_ID": 2
    },
    {
      "ID": 69,
      "Assigned_Employee_ID": 13,
      "Owner_ID": 14,
      "Subject": "Sign Health Insurance Forms",
      "Start_Date": "2015-04-16T00:00:00",
      "Due_Date": "2015-04-19T00:00:00",
      "Status": "Completed",
      "Priority": 4,
      "Completion": 100,
      "Parent_ID": 2
    },
    {
      "ID": 70,
      "Assigned_Employee_ID": 16,
      "Owner_ID": 14,
      "Subject": "Sign Health Insurance Forms",
      "Start_Date": "2015-04-16T00:00:00",
      "Due_Date": "2015-04-19T00:00:00",
      "Status": "Deferred",
      "Priority": 4,
      "Completion": 100,
      "Parent_ID": 2
    },
    {
      "ID": 71,
      "Assigned_Employee_ID": 18,
      "Owner_ID": 9,
      "Subject": "Follow up with West Coast Stores",
      "Start_Date": "2015-04-18T00:00:00",
      "Due_Date": "2016-02-04T00:00:00",
      "Status": "In Progress",
      "Priority": 3,
      "Completion": 95,
      "Parent_ID": 7
    },
    {
      "ID": 72,
      "Assigned_Employee_ID": 17,
      "Owner_ID": 9,
      "Subject": "Follow up with East Coast Stores",
      "Start_Date": "2015-04-18T00:00:00",
      "Due_Date": "2016-01-04T00:00:00",
      "Status": "In Progress",
      "Priority": 3,
      "Completion": 85,
      "Parent_ID": 7
    },
    {
      "ID": 73,
      "Assigned_Employee_ID": 19,
      "Owner_ID": 9,
      "Subject": "Send Email to Customers about Recall",
      "Start_Date": "2015-04-18T00:00:00",
      "Due_Date": "2015-04-30T00:00:00",
      "Status": "Completed",
      "Priority": 4,
      "Completion": 100,
      "Parent_ID": 7
    },
    {
      "ID": 74,
      "Assigned_Employee_ID": 9,
      "Owner_ID": 7,
      "Subject": "Submit Refund Report for 2015 Recall",
      "Start_Date": "2015-04-25T00:00:00",
      "Due_Date": "2015-05-05T00:00:00",
      "Status": "Completed",
      "Priority": 3,
      "Completion": 100,
      "Parent_ID": 7
    },
    {
      "ID": 75,
      "Assigned_Employee_ID": 2,
      "Owner_ID": 7,
      "Subject": "Give Final Approval for Refunds",
      "Start_Date": "2015-05-05T00:00:00",
      "Due_Date": "2015-05-15T00:00:00",
      "Status": "Completed",
      "Priority": 2,
      "Completion": 100,
      "Parent_ID": 7
    },
    {
      "ID": 76,
      "Assigned_Employee_ID": 32,
      "Owner_ID": 3,
      "Subject": "Prepare Product Recall Report",
      "Start_Date": "2015-05-10T00:00:00",
      "Due_Date": "2015-05-16T00:00:00",
      "Status": "Completed",
      "Priority": 2,
      "Completion": 100,
      "Parent_ID": 7
    },
    {
      "ID": 77,
      "Assigned_Employee_ID": 1,
      "Owner_ID": 3,
      "Subject": "Review Product Recall Report by Engineering Team",
      "Start_Date": "2015-05-17T00:00:00",
      "Due_Date": "2015-05-20T00:00:00",
      "Status": "Completed",
      "Priority": 4,
      "Completion": 100,
      "Parent_ID": 7
    },
    {
      "ID": 78,
      "Assigned_Employee_ID": 31,
      "Owner_ID": 32,
      "Subject": "Create Training Course for New TVs",
      "Start_Date": "2015-05-29T00:00:00",
      "Due_Date": "2015-06-29T00:00:00",
      "Status": "Completed",
      "Priority": 2,
      "Completion": 100,
      "Parent_ID": 4
    },
    {
      "ID": 79,
      "Assigned_Employee_ID": 33,
      "Owner_ID": 31,
      "Subject": "Review Training Course for any Ommissions",
      "Start_Date": "2015-06-01T00:00:00",
      "Due_Date": "2015-06-15T00:00:00",
      "Status": "Completed",
      "Priority": 3,
      "Completion": 100,
      "Parent_ID": 4
    },
    {
      "ID": 80,
      "Assigned_Employee_ID": 6,
      "Owner_ID": 5,
      "Subject": "Review Overtime Report",
      "Start_Date": "2015-06-10T00:00:00",
      "Due_Date": "2015-06-14T00:00:00",
      "Status": "Completed",
      "Priority": 2,
      "Completion": 100,
      "Parent_ID": 8
    },
    {
      "ID": 81,
      "Assigned_Employee_ID": 21,
      "Owner_ID": 6,
      "Subject": "Submit Overtime Request Forms",
      "Start_Date": "2015-06-11T00:00:00",
      "Due_Date": "2015-06-12T00:00:00",
      "Status": "Completed",
      "Priority": 2,
      "Completion": 100,
      "Parent_ID": 8
    },
    {
      "ID": 82,
      "Assigned_Employee_ID": 22,
      "Owner_ID": 6,
      "Subject": "Submit Overtime Request Forms",
      "Start_Date": "2015-06-11T00:00:00",
      "Due_Date": "2015-06-12T00:00:00",
      "Status": "Completed",
      "Priority": 2,
      "Completion": 100,
      "Parent_ID": 8
    },
    {
      "ID": 83,
      "Assigned_Employee_ID": 23,
      "Owner_ID": 6,
      "Subject": "Submit Overtime Request Forms",
      "Start_Date": "2015-06-11T00:00:00",
      "Due_Date": "2015-06-12T00:00:00",
      "Status": "Completed",
      "Priority": 2,
      "Completion": 100,
      "Parent_ID": 8
    },
    {
      "ID": 84,
      "Assigned_Employee_ID": 2,
      "Owner_ID": 6,
      "Subject": "Overtime Approval Guidelines",
      "Start_Date": "2015-06-15T00:00:00",
      "Due_Date": "2015-06-20T00:00:00",
      "Status": "Completed",
      "Priority": 2,
      "Completion": 100,
      "Parent_ID": 8
    },
    {
      "ID": 85,
      "Assigned_Employee_ID": 8,
      "Owner_ID": 12,
      "Subject": "Refund Request Template",
      "Start_Date": "2015-06-17T00:00:00",
      "Due_Date": "2016-04-01T00:00:00",
      "Status": "Deferred",
      "Priority": 2,
      "Completion": 0,
      "Parent_ID": 9
    },
    {
      "ID": 86,
      "Assigned_Employee_ID": 8,
      "Owner_ID": 12,
      "Subject": "Recall Rebate Form",
      "Start_Date": "2015-06-17T00:00:00",
      "Due_Date": "2016-04-01T00:00:00",
      "Status": "Deferred",
      "Priority": 2,
      "Completion": 0,
      "Parent_ID": 9
    },
    {
      "ID": 87,
      "Assigned_Employee_ID": 12,
      "Owner_ID": 30,
      "Subject": "Create Report on Customer Feedback",
      "Start_Date": "2015-06-20T00:00:00",
      "Due_Date": "2015-06-30T00:00:00",
      "Status": "Completed",
      "Priority": 4,
      "Completion": 100,
      "Parent_ID": 9
    },
    {
      "ID": 88,
      "Assigned_Employee_ID": 8,
      "Owner_ID": 30,
      "Subject": "Review Customer Feedback Report",
      "Start_Date": "2015-06-30T00:00:00",
      "Due_Date": "2015-07-03T00:00:00",
      "Status": "Completed",
      "Priority": 2,
      "Completion": 100,
      "Parent_ID": 9
    },
    {
      "ID": 89,
      "Assigned_Employee_ID": 1,
      "Owner_ID": 8,
      "Subject": "Customer Feedback Report Analysis",
      "Start_Date": "2015-07-05T00:00:00",
      "Due_Date": "2016-04-09T00:00:00",
      "Status": "Deferred",
      "Priority": 2,
      "Completion": 0,
      "Parent_ID": 9
    },
    {
      "ID": 90,
      "Assigned_Employee_ID": 10,
      "Owner_ID": 8,
      "Subject": "Prepare Shipping Cost Analysis Report",
      "Start_Date": "2015-07-10T00:00:00",
      "Due_Date": "2015-07-15T00:00:00",
      "Status": "Completed",
      "Priority": 2,
      "Completion": 100,
      "Parent_ID": 10
    },
    {
      "ID": 91,
      "Assigned_Employee_ID": 13,
      "Owner_ID": 10,
      "Subject": "Provide Feedback on Shippers",
      "Start_Date": "2015-07-11T00:00:00",
      "Due_Date": "2015-07-14T00:00:00",
      "Status": "Completed",
      "Priority": 2,
      "Completion": 100,
      "Parent_ID": 10
    },
    {
      "ID": 92,
      "Assigned_Employee_ID": 15,
      "Owner_ID": 10,
      "Subject": "Provide Feedback on Shippers",
      "Start_Date": "2015-07-11T00:00:00",
      "Due_Date": "2015-07-14T00:00:00",
      "Status": "Completed",
      "Priority": 2,
      "Completion": 100,
      "Parent_ID": 10
    },
    {
      "ID": 93,
      "Assigned_Employee_ID": 16,
      "Owner_ID": 10,
      "Subject": "Provide Feedback on Shippers",
      "Start_Date": "2015-07-11T00:00:00",
      "Due_Date": "2015-07-14T00:00:00",
      "Status": "Completed",
      "Priority": 2,
      "Completion": 100,
      "Parent_ID": 10
    },
    {
      "ID": 94,
      "Assigned_Employee_ID": 2,
      "Owner_ID": 10,
      "Subject": "Select Preferred Shipper",
      "Start_Date": "2015-07-16T00:00:00",
      "Due_Date": "2015-07-20T00:00:00",
      "Status": "Completed",
      "Priority": 2,
      "Completion": 100,
      "Parent_ID": 10
    },
    {
      "ID": 95,
      "Assigned_Employee_ID": 1,
      "Owner_ID": 2,
      "Subject": "Complete Shipper Selection Form",
      "Start_Date": "2015-07-21T00:00:00",
      "Due_Date": "2016-04-11T00:00:00",
      "Status": "Deferred",
      "Priority": 4,
      "Completion": 0,
      "Parent_ID": 10
    },
    {
      "ID": 96,
      "Assigned_Employee_ID": 6,
      "Owner_ID": 22,
      "Subject": "Upgrade Server Hardware",
      "Start_Date": "2015-07-22T00:00:00",
      "Due_Date": "2015-07-31T00:00:00",
      "Status": "Completed",
      "Priority": 3,
      "Completion": 100,
      "Parent_ID": 11
    },
    {
      "ID": 97,
      "Assigned_Employee_ID": 6,
      "Owner_ID": 21,
      "Subject": "Upgrade Personal Computers",
      "Start_Date": "2015-07-24T00:00:00",
      "Due_Date": "2016-04-30T00:00:00",
      "Status": "In Progress",
      "Priority": 2,
      "Completion": 85,
      "Parent_ID": 11
    },
    {
      "ID": 98,
      "Assigned_Employee_ID": 2,
      "Owner_ID": 6,
      "Subject": "Approve Personal Computer Upgrade Plan",
      "Start_Date": "2015-07-24T00:00:00",
      "Due_Date": "2015-07-31T00:00:00",
      "Status": "Completed",
      "Priority": 2,
      "Completion": 100,
      "Parent_ID": 11
    },
    {
      "ID": 99,
      "Assigned_Employee_ID": 3,
      "Owner_ID": 6,
      "Subject": "Decide on Mobile Devices to Use in the Field",
      "Start_Date": "2015-07-30T00:00:00",
      "Due_Date": "2015-08-02T00:00:00",
      "Status": "Completed",
      "Priority": 4,
      "Completion": 100,
      "Parent_ID": 11
    },
    {
      "ID": 100,
      "Assigned_Employee_ID": 6,
      "Owner_ID": 24,
      "Subject": "Upgrade Apps to Windows RT or stay with WinForms",
      "Start_Date": "2015-08-01T00:00:00",
      "Due_Date": "2015-08-05T00:00:00",
      "Status": "Completed",
      "Priority": 2,
      "Completion": 100,
      "Parent_ID": 12
    },
    {
      "ID": 101,
      "Assigned_Employee_ID": 25,
      "Owner_ID": 24,
      "Subject": "Estimate Time Required to Touch-Enable Apps",
      "Start_Date": "2015-08-05T00:00:00",
      "Due_Date": "2015-08-07T00:00:00",
      "Status": "Completed",
      "Priority": 2,
      "Completion": 100,
      "Parent_ID": 12
    },
    {
      "ID": 102,
      "Assigned_Employee_ID": 23,
      "Owner_ID": 6,
      "Subject": "Report on Tranistion to Touch-Based Apps",
      "Start_Date": "2015-08-10T00:00:00",
      "Due_Date": "2015-08-11T00:00:00",
      "Status": "Completed",
      "Priority": 2,
      "Completion": 100,
      "Parent_ID": 12
    },
    {
      "ID": 103,
      "Assigned_Employee_ID": 3,
      "Owner_ID": 6,
      "Subject": "Try New Touch-Enabled WinForms Apps",
      "Start_Date": "2015-08-11T00:00:00",
      "Due_Date": "2015-08-15T00:00:00",
      "Status": "Completed",
      "Priority": 2,
      "Completion": 100,
      "Parent_ID": 12
    },
    {
      "ID": 104,
      "Assigned_Employee_ID": 24,
      "Owner_ID": 6,
      "Subject": "Rollout New Touch-Enabled WinForms Apps",
      "Start_Date": "2015-08-17T00:00:00",
      "Due_Date": "2016-04-30T00:00:00",
      "Status": "In Progress",
      "Priority": 2,
      "Completion": 75,
      "Parent_ID": 12
    },
    {
      "ID": 105,
      "Assigned_Employee_ID": 6,
      "Owner_ID": 3,
      "Subject": "Site Up-Time Report",
      "Start_Date": "2015-08-20T00:00:00",
      "Due_Date": "2015-08-24T00:00:00",
      "Status": "Completed",
      "Priority": 4,
      "Completion": 100,
      "Parent_ID": 13
    },
    {
      "ID": 106,
      "Assigned_Employee_ID": 4,
      "Owner_ID": 3,
      "Subject": "Review Site Up-Time Report",
      "Start_Date": "2015-08-24T00:00:00",
      "Due_Date": "2015-08-30T00:00:00",
      "Status": "Completed",
      "Priority": 3,
      "Completion": 100,
      "Parent_ID": 13
    },
    {
      "ID": 107,
      "Assigned_Employee_ID": 1,
      "Owner_ID": 4,
      "Subject": "Review Online Sales Report",
      "Start_Date": "2015-08-30T00:00:00",
      "Due_Date": "2015-09-04T00:00:00",
      "Status": "Completed",
      "Priority": 4,
      "Completion": 100,
      "Parent_ID": 13
    },
    {
      "ID": 108,
      "Assigned_Employee_ID": 8,
      "Owner_ID": 4,
      "Subject": "Determine New Online Marketing Strategy",
      "Start_Date": "2015-09-03T00:00:00",
      "Due_Date": "2015-09-10T00:00:00",
      "Status": "Completed",
      "Priority": 2,
      "Completion": 100,
      "Parent_ID": 13
    },
    {
      "ID": 109,
      "Assigned_Employee_ID": 42,
      "Owner_ID": 8,
      "Subject": "New Online Marketing Strategy",
      "Start_Date": "2015-09-05T00:00:00",
      "Due_Date": "2015-09-11T00:00:00",
      "Status": "Completed",
      "Priority": 2,
      "Completion": 100,
      "Parent_ID": 13
    },
    {
      "ID": 110,
      "Assigned_Employee_ID": 4,
      "Owner_ID": 8,
      "Subject": "Approve New Online Marketing Strategy",
      "Start_Date": "2015-09-15T00:00:00",
      "Due_Date": "2015-09-15T00:00:00",
      "Status": "Completed",
      "Priority": 4,
      "Completion": 100,
      "Parent_ID": 13
    },
    {
      "ID": 111,
      "Assigned_Employee_ID": 28,
      "Owner_ID": 8,
      "Subject": "Submit New Website Design",
      "Start_Date": "2015-09-17T00:00:00",
      "Due_Date": "2015-09-22T00:00:00",
      "Status": "Completed",
      "Priority": 2,
      "Completion": 100,
      "Parent_ID": 14
    },
    {
      "ID": 112,
      "Assigned_Employee_ID": 29,
      "Owner_ID": 28,
      "Subject": "Create Icons for Website",
      "Start_Date": "2015-09-17T00:00:00",
      "Due_Date": "2015-09-21T00:00:00",
      "Status": "Completed",
      "Priority": 3,
      "Completion": 100,
      "Parent_ID": 111
    },
    {
      "ID": 113,
      "Assigned_Employee_ID": 6,
      "Owner_ID": 28,
      "Subject": "Review PSDs for New Website",
      "Start_Date": "2015-09-23T00:00:00",
      "Due_Date": "2015-10-15T00:00:00",
      "Status": "Completed",
      "Priority": 4,
      "Completion": 100,
      "Parent_ID": 111
    },
    {
      "ID": 114,
      "Assigned_Employee_ID": 24,
      "Owner_ID": 6,
      "Subject": "Create New Shopping Cart",
      "Start_Date": "2015-09-24T00:00:00",
      "Due_Date": "2015-10-01T00:00:00",
      "Status": "Completed",
      "Priority": 2,
      "Completion": 100,
      "Parent_ID": 113
    },
    {
      "ID": 115,
      "Assigned_Employee_ID": 25,
      "Owner_ID": 6,
      "Subject": "Create New Product Pages",
      "Start_Date": "2015-09-24T00:00:00",
      "Due_Date": "2015-10-04T00:00:00",
      "Status": "Completed",
      "Priority": 2,
      "Completion": 100,
      "Parent_ID": 113
    },
    {
      "ID": 116,
      "Assigned_Employee_ID": 8,
      "Owner_ID": 6,
      "Subject": "Review New Product Pages",
      "Start_Date": "2015-10-04T00:00:00",
      "Due_Date": "2015-10-10T00:00:00",
      "Status": "Completed",
      "Priority": 2,
      "Completion": 100,
      "Parent_ID": 113
    },
    {
      "ID": 117,
      "Assigned_Employee_ID": 4,
      "Owner_ID": 8,
      "Subject": "Approve Website Launch",
      "Start_Date": "2015-10-10T00:00:00",
      "Due_Date": "2015-10-15T00:00:00",
      "Status": "Completed",
      "Priority": 4,
      "Completion": 100,
      "Parent_ID": 113
    },
    {
      "ID": 118,
      "Assigned_Employee_ID": 6,
      "Owner_ID": 8,
      "Subject": "Launch New Website",
      "Start_Date": "2015-10-15T00:00:00",
      "Due_Date": "2015-10-16T00:00:00",
      "Status": "Completed",
      "Priority": 3,
      "Completion": 100,
      "Parent_ID": 111
    },
    {
      "ID": 119,
      "Assigned_Employee_ID": 14,
      "Owner_ID": 10,
      "Subject": "Update Customer Shipping Profiles",
      "Start_Date": "2015-10-20T00:00:00",
      "Due_Date": "2015-10-22T00:00:00",
      "Status": "Completed",
      "Priority": 4,
      "Completion": 100,
      "Parent_ID": 14
    },
    {
      "ID": 120,
      "Assigned_Employee_ID": 6,
      "Owner_ID": 10,
      "Subject": "Create New Shipping Return Labels",
      "Start_Date": "2015-10-21T00:00:00",
      "Due_Date": "2015-10-30T00:00:00",
      "Status": "Completed",
      "Priority": 2,
      "Completion": 100,
      "Parent_ID": 119
    },
    {
      "ID": 121,
      "Assigned_Employee_ID": 23,
      "Owner_ID": 6,
      "Subject": "Get Design for Shipping Return Labels",
      "Start_Date": "2015-10-21T00:00:00",
      "Due_Date": "2015-10-30T00:00:00",
      "Status": "Completed",
      "Priority": 2,
      "Completion": 100,
      "Parent_ID": 119
    },
    {
      "ID": 122,
      "Assigned_Employee_ID": 29,
      "Owner_ID": 23,
      "Subject": "PSD needed for Shipping Return Labels",
      "Start_Date": "2015-10-22T00:00:00",
      "Due_Date": "2015-10-27T00:00:00",
      "Status": "Completed",
      "Priority": 2,
      "Completion": 100,
      "Parent_ID": 119
    },
    {
      "ID": 123,
      "Assigned_Employee_ID": 6,
      "Owner_ID": 22,
      "Subject": "Request Bandwidth Increase from ISP",
      "Start_Date": "2015-11-01T00:00:00",
      "Due_Date": "2015-11-05T00:00:00",
      "Status": "Completed",
      "Priority": 2,
      "Completion": 100,
      "Parent_ID": 15
    },
    {
      "ID": 124,
      "Assigned_Employee_ID": 7,
      "Owner_ID": 6,
      "Subject": "Submit D&B Number to ISP for Credit Approval",
      "Start_Date": "2015-11-04T00:00:00",
      "Due_Date": "2015-11-07T00:00:00",
      "Status": "Completed",
      "Priority": 4,
      "Completion": 100,
      "Parent_ID": 15
    },
    {
      "ID": 125,
      "Assigned_Employee_ID": 2,
      "Owner_ID": 7,
      "Subject": "Contact ISP and Discuss Payment Options",
      "Start_Date": "2015-11-05T00:00:00",
      "Due_Date": "2015-11-06T00:00:00",
      "Status": "Completed",
      "Priority": 3,
      "Completion": 100,
      "Parent_ID": 15
    },
    {
      "ID": 126,
      "Assigned_Employee_ID": 18,
      "Owner_ID": 9,
      "Subject": "Prepare Year-End Support Summary Report",
      "Start_Date": "2015-11-10T00:00:00",
      "Due_Date": "2015-11-15T00:00:00",
      "Status": "Completed",
      "Priority": 2,
      "Completion": 100,
      "Parent_ID": 16
    },
    {
      "ID": 127,
      "Assigned_Employee_ID": 19,
      "Owner_ID": 18,
      "Subject": "Analyze Support Traffic for 2015",
      "Start_Date": "2015-11-11T00:00:00",
      "Due_Date": "2015-11-14T00:00:00",
      "Status": "Completed",
      "Priority": 2,
      "Completion": 100,
      "Parent_ID": 16
    },
    {
      "ID": 128,
      "Assigned_Employee_ID": 33,
      "Owner_ID": 31,
      "Subject": "Review New Training Material",
      "Start_Date": "2015-11-14T00:00:00",
      "Due_Date": "2015-11-18T00:00:00",
      "Status": "Completed",
      "Priority": 2,
      "Completion": 100,
      "Parent_ID": 17
    },
    {
      "ID": 129,
      "Assigned_Employee_ID": 31,
      "Owner_ID": 33,
      "Subject": "Distribute Training Material to Support Staff",
      "Start_Date": "2015-11-18T00:00:00",
      "Due_Date": "2015-11-30T00:00:00",
      "Status": "Completed",
      "Priority": 2,
      "Completion": 100,
      "Parent_ID": 17
    },
    {
      "ID": 130,
      "Assigned_Employee_ID": 9,
      "Owner_ID": 31,
      "Subject": "Training Material Distribution Schedule",
      "Start_Date": "2015-11-30T00:00:00",
      "Due_Date": "2015-12-02T00:00:00",
      "Status": "Completed",
      "Priority": 4,
      "Completion": 100,
      "Parent_ID": 17
    },
    {
      "ID": 131,
      "Assigned_Employee_ID": 28,
      "Owner_ID": 9,
      "Subject": "Provide New Artwork to Support Team",
      "Start_Date": "2015-12-03T00:00:00",
      "Due_Date": "2015-12-04T00:00:00",
      "Status": "Completed",
      "Priority": 2,
      "Completion": 100,
      "Parent_ID": 17
    },
    {
      "ID": 132,
      "Assigned_Employee_ID": 29,
      "Owner_ID": 28,
      "Subject": "Publish New Art on the Server",
      "Start_Date": "2015-12-03T00:00:00",
      "Due_Date": "2015-12-04T00:00:00",
      "Status": "Completed",
      "Priority": 4,
      "Completion": 100,
      "Parent_ID": 131
    },
    {
      "ID": 133,
      "Assigned_Employee_ID": 12,
      "Owner_ID": 8,
      "Subject": "Replace Old Artwork with New Artwork",
      "Start_Date": "2015-12-07T00:00:00",
      "Due_Date": "2015-12-15T00:00:00",
      "Status": "Completed",
      "Priority": 2,
      "Completion": 100,
      "Parent_ID": 131
    },
    {
      "ID": 134,
      "Assigned_Employee_ID": 20,
      "Owner_ID": 8,
      "Subject": "Replace Old Artwork with New Artwork",
      "Start_Date": "2015-12-07T00:00:00",
      "Due_Date": "2015-12-15T00:00:00",
      "Status": "Completed",
      "Priority": 2,
      "Completion": 100,
      "Parent_ID": 131
    },
    {
      "ID": 135,
      "Assigned_Employee_ID": 40,
      "Owner_ID": 8,
      "Subject": "Replace Old Artwork with New Artwork",
      "Start_Date": "2015-12-07T00:00:00",
      "Due_Date": "2015-12-15T00:00:00",
      "Status": "Completed",
      "Priority": 2,
      "Completion": 100,
      "Parent_ID": 131
    },
    {
      "ID": 136,
      "Assigned_Employee_ID": 8,
      "Owner_ID": 45,
      "Subject": "Ship New Brochures to Field",
      "Start_Date": "2015-12-19T00:00:00",
      "Due_Date": "2015-12-31T00:00:00",
      "Status": "Completed",
      "Priority": 4,
      "Completion": 100,
      "Parent_ID": 17
    },
    {
      "ID": 137,
      "Assigned_Employee_ID": 14,
      "Owner_ID": 8,
      "Subject": "Ship Brochures to Todd Hoffman",
      "Start_Date": "2015-12-23T00:00:00",
      "Due_Date": "2015-12-31T00:00:00",
      "Status": "Completed",
      "Priority": 3,
      "Completion": 100,
      "Parent_ID": 17
    },
    {
      "ID": 138,
      "Assigned_Employee_ID": 22,
      "Owner_ID": 3,
      "Subject": "Update Server with Service Packs",
      "Start_Date": "2015-12-24T00:00:00",
      "Due_Date": "2015-12-24T00:00:00",
      "Status": "Completed",
      "Priority": 3,
      "Completion": 100,
      "Parent_ID": 18
    },
    {
      "ID": 139,
      "Assigned_Employee_ID": 22,
      "Owner_ID": 6,
      "Subject": "Install New Database",
      "Start_Date": "2015-12-27T00:00:00",
      "Due_Date": "2015-12-28T00:00:00",
      "Status": "Completed",
      "Priority": 4,
      "Completion": 100,
      "Parent_ID": 18
    },
    {
      "ID": 140,
      "Assigned_Employee_ID": 6,
      "Owner_ID": 22,
      "Subject": "Approve Overtime for HR",
      "Start_Date": "2015-12-29T00:00:00",
      "Due_Date": "2015-12-29T00:00:00",
      "Status": "Completed",
      "Priority": 2,
      "Completion": 100,
      "Parent_ID": 18
    },
    {
      "ID": 141,
      "Assigned_Employee_ID": 32,
      "Owner_ID": 3,
      "Subject": "Review New HDMI Specification",
      "Start_Date": "2016-01-02T00:00:00",
      "Due_Date": "2016-01-31T00:00:00",
      "Status": "Deferred",
      "Priority": 2,
      "Completion": 50,
      "Parent_ID": 19
    },
    {
      "ID": 142,
      "Assigned_Employee_ID": 3,
      "Owner_ID": 32,
      "Subject": "Approval on Converting to New HDMI Specification",
      "Start_Date": "2016-01-11T00:00:00",
      "Due_Date": "2016-01-31T00:00:00",
      "Status": "Deferred",
      "Priority": 2,
      "Completion": 75,
      "Parent_ID": 19
    },
    {
      "ID": 143,
      "Assigned_Employee_ID": 24,
      "Owner_ID": 3,
      "Subject": "Create New Spike for Automation Server",
      "Start_Date": "2016-01-15T00:00:00",
      "Due_Date": "2016-01-27T00:00:00",
      "Status": "Completed",
      "Priority": 4,
      "Completion": 100,
      "Parent_ID": 20
    },
    {
      "ID": 144,
      "Assigned_Employee_ID": 41,
      "Owner_ID": 8,
      "Subject": "Report on Retail Sales Strategy for 2016",
      "Start_Date": "2016-01-20T00:00:00",
      "Due_Date": "2016-01-31T00:00:00",
      "Status": "Completed",
      "Priority": 4,
      "Completion": 100,
      "Parent_ID": 21
    },
    {
      "ID": 145,
      "Assigned_Employee_ID": 25,
      "Owner_ID": 3,
      "Subject": "Code Review - New Automation Server",
      "Start_Date": "2016-01-27T00:00:00",
      "Due_Date": "2016-02-15T00:00:00",
      "Status": "In Progress",
      "Priority": 2,
      "Completion": 75,
      "Parent_ID": 20
    },
    {
      "ID": 146,
      "Assigned_Employee_ID": 17,
      "Owner_ID": 31,
      "Subject": "Feedback on New Training Course",
      "Start_Date": "2016-01-28T00:00:00",
      "Due_Date": "2016-02-05T00:00:00",
      "Status": "Completed",
      "Priority": 2,
      "Completion": 100,
      "Parent_ID": 17
    },
    {
      "ID": 147,
      "Assigned_Employee_ID": 10,
      "Owner_ID": 7,
      "Subject": "Send Monthly Invoices from Shippers",
      "Start_Date": "2016-02-01T00:00:00",
      "Due_Date": "2016-02-07T00:00:00",
      "Status": "Completed",
      "Priority": 2,
      "Completion": 100,
      "Parent_ID": 10
    },
    {
      "ID": 148,
      "Assigned_Employee_ID": 40,
      "Owner_ID": 39,
      "Subject": "Schedule Meeting with Sales Team",
      "Start_Date": "2016-02-07T00:00:00",
      "Due_Date": "2016-02-09T00:00:00",
      "Status": "Completed",
      "Priority": 2,
      "Completion": 100,
      "Parent_ID": 21
    },
    {
      "ID": 149,
      "Assigned_Employee_ID": 42,
      "Owner_ID": 40,
      "Subject": "Confirm Availability for Sales Meeting",
      "Start_Date": "2016-02-09T00:00:00",
      "Due_Date": "2016-02-09T00:00:00",
      "Status": "Completed",
      "Priority": 4,
      "Completion": 100,
      "Parent_ID": 21
    },
    {
      "ID": 150,
      "Assigned_Employee_ID": 39,
      "Owner_ID": 40,
      "Subject": "Reschedule Sales Team Meeting",
      "Start_Date": "2016-02-10T00:00:00",
      "Due_Date": "2016-02-10T00:00:00",
      "Status": "Completed",
      "Priority": 4,
      "Completion": 100,
      "Parent_ID": 21
    },
    {
      "ID": 151,
      "Assigned_Employee_ID": 45,
      "Owner_ID": 44,
      "Subject": "Update Database with New Leads",
      "Start_Date": "2016-03-01T00:00:00",
      "Due_Date": "2016-03-10T00:00:00",
      "Status": "In Progress",
      "Priority": 2,
      "Completion": 80,
      "Parent_ID": 18
    },
    {
      "ID": 152,
      "Assigned_Employee_ID": 12,
      "Owner_ID": 41,
      "Subject": "Send Territory Sales Breakdown",
      "Start_Date": "2016-03-13T00:00:00",
      "Due_Date": "2016-03-16T00:00:00",
      "Status": "In Progress",
      "Priority": 4,
      "Completion": 50,
      "Parent_ID": 22
    },
    {
      "ID": 153,
      "Assigned_Employee_ID": 41,
      "Owner_ID": 1,
      "Subject": "Territory Sales Breakdown Report",
      "Start_Date": "2016-03-17T00:00:00",
      "Due_Date": "2016-03-17T00:00:00",
      "Status": "In Progress",
      "Priority": 3,
      "Completion": 50,
      "Parent_ID": 22
    },
    {
      "ID": 154,
      "Assigned_Employee_ID": 3,
      "Owner_ID": 1,
      "Subject": "Return Merchandise Report",
      "Start_Date": "2016-03-17T00:00:00",
      "Due_Date": "2016-03-18T00:00:00",
      "Status": "In Progress",
      "Priority": 4,
      "Completion": 25,
      "Parent_ID": 22
    },
    {
      "ID": 155,
      "Assigned_Employee_ID": 32,
      "Owner_ID": 3,
      "Subject": "Report on the State of Engineering Dept",
      "Start_Date": "2016-03-18T00:00:00",
      "Due_Date": "2016-03-19T00:00:00",
      "Status": "Not Started",
      "Priority": 2,
      "Completion": 0,
      "Parent_ID": 22
    },
    {
      "ID": 156,
      "Assigned_Employee_ID": 6,
      "Owner_ID": 5,
      "Subject": "Staff Productivity Report",
      "Start_Date": "2016-03-20T00:00:00",
      "Due_Date": "2016-03-21T00:00:00",
      "Status": "Not Started",
      "Priority": 2,
      "Completion": 0,
      "Parent_ID": 23
    },
    {
      "ID": 157,
      "Assigned_Employee_ID": 5,
      "Owner_ID": 1,
      "Subject": "Review HR Budget Company Wide",
      "Start_Date": "2016-03-20T00:00:00",
      "Due_Date": "2016-03-25T00:00:00",
      "Status": "In Progress",
      "Priority": 2,
      "Completion": 40,
      "Parent_ID": 23
    },
    {
      "ID": 158,
      "Assigned_Employee_ID": 8,
      "Owner_ID": 5,
      "Subject": "Sales Dept Budget Request Report",
      "Start_Date": "2016-03-23T00:00:00",
      "Due_Date": "2016-03-25T00:00:00",
      "Status": "In Progress",
      "Priority": 4,
      "Completion": 75,
      "Parent_ID": 23
    },
    {
      "ID": 159,
      "Assigned_Employee_ID": 9,
      "Owner_ID": 5,
      "Subject": "Support Dept Budget Report",
      "Start_Date": "2016-03-23T00:00:00",
      "Due_Date": "2016-03-25T00:00:00",
      "Status": "In Progress",
      "Priority": 4,
      "Completion": 60,
      "Parent_ID": 23
    },
    {
      "ID": 160,
      "Assigned_Employee_ID": 6,
      "Owner_ID": 5,
      "Subject": "IT Dept Budget Request Report",
      "Start_Date": "2016-03-23T00:00:00",
      "Due_Date": "2016-03-25T00:00:00",
      "Status": "In Progress",
      "Priority": 4,
      "Completion": 30,
      "Parent_ID": 23
    },
    {
      "ID": 161,
      "Assigned_Employee_ID": 32,
      "Owner_ID": 5,
      "Subject": "Engineering Dept Budget Request Report",
      "Start_Date": "2016-03-23T00:00:00",
      "Due_Date": "2016-03-25T00:00:00",
      "Status": "Deferred",
      "Priority": 4,
      "Completion": 0,
      "Parent_ID": 23
    },
    {
      "ID": 162,
      "Assigned_Employee_ID": 26,
      "Owner_ID": 7,
      "Subject": "1Q Travel Spend Report",
      "Start_Date": "2016-03-24T00:00:00",
      "Due_Date": "2016-03-25T00:00:00",
      "Status": "In Progress",
      "Priority": 2,
      "Completion": 30,
      "Parent_ID": 23
    },
    {
      "ID": 163,
      "Assigned_Employee_ID": 7,
      "Owner_ID": 27,
      "Subject": "Approve Benefits Upgrade Package",
      "Start_Date": "2016-03-26T00:00:00",
      "Due_Date": "2016-03-27T00:00:00",
      "Status": "Deferred",
      "Priority": 2,
      "Completion": 0,
      "Parent_ID": 23
    },
    {
      "ID": 164,
      "Assigned_Employee_ID": 5,
      "Owner_ID": 7,
      "Subject": "Final Budget Review",
      "Start_Date": "2016-03-26T00:00:00",
      "Due_Date": "2016-03-27T00:00:00",
      "Status": "In Progress",
      "Priority": 4,
      "Completion": 25,
      "Parent_ID": 23
    },
    {
      "ID": 165,
      "Assigned_Employee_ID": 2,
      "Owner_ID": 1,
      "Subject": "State of Operations Report",
      "Start_Date": "2016-03-28T00:00:00",
      "Due_Date": "2016-03-31T00:00:00",
      "Status": "In Progress",
      "Priority": 4,
      "Completion": 45,
      "Parent_ID": 22
    },
    {
      "ID": 166,
      "Assigned_Employee_ID": 42,
      "Owner_ID": 2,
      "Subject": "Online Sales Report",
      "Start_Date": "2016-03-29T00:00:00",
      "Due_Date": "2016-03-30T00:00:00",
      "Status": "In Progress",
      "Priority": 4,
      "Completion": 55,
      "Parent_ID": 22
    },
    {
      "ID": 167,
      "Assigned_Employee_ID": 13,
      "Owner_ID": 10,
      "Subject": "Reprint All Shipping Labels",
      "Start_Date": "2016-04-01T00:00:00",
      "Due_Date": "2016-04-10T00:00:00",
      "Status": "In Progress",
      "Priority": 2,
      "Completion": 10,
      "Parent_ID": 24
    },
    {
      "ID": 168,
      "Assigned_Employee_ID": 28,
      "Owner_ID": 13,
      "Subject": "Shipping Label Artwork",
      "Start_Date": "2016-04-02T00:00:00",
      "Due_Date": "2016-04-09T00:00:00",
      "Status": "In Progress",
      "Priority": 2,
      "Completion": 40,
      "Parent_ID": 24
    },
    {
      "ID": 169,
      "Assigned_Employee_ID": 13,
      "Owner_ID": 29,
      "Subject": "Specs for New Shipping Label",
      "Start_Date": "2016-04-04T00:00:00",
      "Due_Date": "2016-04-05T00:00:00",
      "Status": "Completed",
      "Priority": 2,
      "Completion": 100,
      "Parent_ID": 24
    },
    {
      "ID": 170,
      "Assigned_Employee_ID": 15,
      "Owner_ID": 10,
      "Subject": "Move Packaging Materials to New Warehouse",
      "Start_Date": "2016-04-05T00:00:00",
      "Due_Date": "2016-04-15T00:00:00",
      "Status": "In Progress",
      "Priority": 2,
      "Completion": 60,
      "Parent_ID": 25
    },
    {
      "ID": 171,
      "Assigned_Employee_ID": 16,
      "Owner_ID": 10,
      "Subject": "Move Inventory to New Warehouse",
      "Start_Date": "2016-04-05T00:00:00",
      "Due_Date": "2016-04-15T00:00:00",
      "Status": "In Progress",
      "Priority": 2,
      "Completion": 70,
      "Parent_ID": 25
    },
    {
      "ID": 172,
      "Assigned_Employee_ID": 14,
      "Owner_ID": 10,
      "Subject": "Take Forklift to Service Center",
      "Start_Date": "2016-04-07T00:00:00",
      "Due_Date": "2016-04-18T00:00:00",
      "Status": "In Progress",
      "Priority": 2,
      "Completion": 60,
      "Parent_ID": 26
    },
    {
      "ID": 173,
      "Assigned_Employee_ID": 10,
      "Owner_ID": 14,
      "Subject": "Approve Rental of Forklift",
      "Start_Date": "2016-04-08T00:00:00",
      "Due_Date": "2016-04-09T00:00:00",
      "Status": "Need Assistance",
      "Priority": 4,
      "Completion": 0,
      "Parent_ID": 26
    },
    {
      "ID": 174,
      "Assigned_Employee_ID": 7,
      "Owner_ID": 10,
      "Subject": "Give Final Approval to Rent Forklift",
      "Start_Date": "2016-04-08T00:00:00",
      "Due_Date": "2016-04-08T00:00:00",
      "Status": "Need Assistance",
      "Priority": 2,
      "Completion": 0,
      "Parent_ID": 26
    },
    {
      "ID": 175,
      "Assigned_Employee_ID": 9,
      "Owner_ID": 30,
      "Subject": "Review Complaint Reports",
      "Start_Date": "2016-04-17T00:00:00",
      "Due_Date": "2016-04-30T00:00:00",
      "Status": "In Progress",
      "Priority": 4,
      "Completion": 40,
      "Parent_ID": 22
    },
    {
      "ID": 176,
      "Assigned_Employee_ID": 6,
      "Owner_ID": 9,
      "Subject": "Review Website Complaint Reports",
      "Start_Date": "2016-04-18T00:00:00",
      "Due_Date": "2016-04-24T00:00:00",
      "Status": "In Progress",
      "Priority": 2,
      "Completion": 65,
      "Parent_ID": 22
    },
    {
      "ID": 177,
      "Assigned_Employee_ID": 33,
      "Owner_ID": 37,
      "Subject": "Test New Automation App",
      "Start_Date": "2016-04-20T00:00:00",
      "Due_Date": "2016-04-30T00:00:00",
      "Status": "In Progress",
      "Priority": 2,
      "Completion": 80,
      "Parent_ID": 20
    },
    {
      "ID": 178,
      "Assigned_Employee_ID": 38,
      "Owner_ID": 33,
      "Subject": "Fix Synchronization Issues",
      "Start_Date": "2016-04-21T00:00:00",
      "Due_Date": "2016-04-21T00:00:00",
      "Status": "Completed",
      "Priority": 4,
      "Completion": 100,
      "Parent_ID": 20
    },
    {
      "ID": 179,
      "Assigned_Employee_ID": 22,
      "Owner_ID": 24,
      "Subject": "Free Up Space for New Application Set",
      "Start_Date": "2016-04-19T00:00:00",
      "Due_Date": "2016-04-19T00:00:00",
      "Status": "Not Started",
      "Priority": 2,
      "Completion": 0,
      "Parent_ID": 20
    },
    {
      "ID": 180,
      "Assigned_Employee_ID": 9,
      "Owner_ID": 30,
      "Subject": "Support Team Evaluation Report",
      "Start_Date": "2016-05-01T00:00:00",
      "Due_Date": "2016-05-07T00:00:00",
      "Status": "Deferred",
      "Priority": 2,
      "Completion": 0,
      "Parent_ID": 22
    },
    {
      "ID": 181,
      "Assigned_Employee_ID": 1,
      "Owner_ID": 30,
      "Subject": "Review New Customer Follow Up Plan",
      "Start_Date": "2016-05-05T00:00:00",
      "Due_Date": "2016-05-11T00:00:00",
      "Status": "In Progress",
      "Priority": 2,
      "Completion": 75,
      "Parent_ID": 27
    },
    {
      "ID": 182,
      "Assigned_Employee_ID": 2,
      "Owner_ID": 1,
      "Subject": "Submit Customer Follow Up Plan Feedback",
      "Start_Date": "2016-05-06T00:00:00",
      "Due_Date": "2016-05-10T00:00:00",
      "Status": "Deferred",
      "Priority": 2,
      "Completion": 0,
      "Parent_ID": 27
    }
  ],
  "employees": [
    {
      "ID": 1,
      "Name": "John Heart",
      "Picture": "images/employees/01.png"
    },
    {
      "ID": 2,
      "Name": "Samantha Bright",
      "Picture": "images/employees/04.png"
    },
    {
      "ID": 3,
      "Name": "Arthur Miller",
      "Picture": "images/employees/02.png"
    },
    {
      "ID": 4,
      "Name": "Robert Reagan",
      "Picture": "images/employees/03.png"
    },
    {
      "ID": 5,
      "Name": "Greta Sims",
      "Picture": "images/employees/06.png"
    },
    {
      "ID": 6,
      "Name": "Brett Wade",
      "Picture": "images/employees/05.png"
    },
    {
      "ID": 7,
      "Name": "Sandra Johnson",
      "Picture": "images/employees/08.png"
    },
    {
      "ID": 8,
      "Name": "Ed Holmes",
      "Picture": "images/employees/07.png"
    },
    {
      "ID": 9,
      "Name": "Barb Banks",
      "Picture": "images/employees/09.png"
    },
    {
      "ID": 10,
      "Name": "Kevin Carter",
      "Picture": "images/employees/10.png"
    },
    {
      "ID": 11,
      "Name": "Cindy Stanwick",
      "Picture": "images/employees/15.png"
    },
    {
      "ID": 12,
      "Name": "Sammy Hill",
      "Picture": "images/employees/11.png"
    },
    {
      "ID": 13,
      "Name": "Davey Jones",
      "Picture": "images/employees/12.png"
    },
    {
      "ID": 14,
      "Name": "Victor Norris",
      "Picture": "images/employees/13.png"
    },
    {
      "ID": 15,
      "Name": "Mary Stern",
      "Picture": "images/employees/16.png"
    },
    {
      "ID": 16,
      "Name": "Robin Cosworth",
      "Picture": "images/employees/14.png"
    },
    {
      "ID": 17,
      "Name": "Kelly Rodriguez",
      "Picture": "images/employees/17.png"
    },
    {
      "ID": 18,
      "Name": "James Anderson",
      "Picture": "images/employees/18.png"
    },
    {
      "ID": 19,
      "Name": "Antony Remmen",
      "Picture": "images/employees/19.png"
    },
    {
      "ID": 20,
      "Name": "Olivia Peyton",
      "Picture": "images/employees/20.png"
    },
    {
      "ID": 21,
      "Name": "Taylor Riley",
      "Picture": "images/employees/21.png"
    },
    {
      "ID": 22,
      "Name": "Amelia Harper",
      "Picture": "images/employees/22.png"
    },
    {
      "ID": 23,
      "Name": "Wally Hobbs",
      "Picture": "images/employees/23.png"
    },
    {
      "ID": 24,
      "Name": "Brad Jameson",
      "Picture": "images/employees/24.png"
    },
    {
      "ID": 25,
      "Name": "Karen Goodson",
      "Picture": "images/employees/25.png"
    },
    {
      "ID": 26,
      "Name": "Marcus Orbison",
      "Picture": "images/employees/26.png"
    },
    {
      "ID": 27,
      "Name": "Sandy Bright",
      "Picture": "images/employees/27.png"
    },
    {
      "ID": 28,
      "Name": "Morgan Kennedy",
      "Picture": "images/employees/28.png"
    },
    {
      "ID": 29,
      "Name": "Violet Bailey",
      "Picture": "images/employees/29.png"
    },
    {
      "ID": 30,
      "Name": "Ken Samuelson",
      "Picture": "images/employees/32.png"
    },
    {
      "ID": 31,
      "Name": "Nat Maguiree",
      "Picture": "images/employees/34.png"
    },
    {
      "ID": 32,
      "Name": "Bart Arnaz",
      "Picture": "images/employees/37.png"
    },
    {
      "ID": 33,
      "Name": "Leah Simpson",
      "Picture": "images/employees/38.png"
    },
    {
      "ID": 34,
      "Name": "Arnie Schwartz",
      "Picture": "images/employees/40.png"
    },
    {
      "ID": 35,
      "Name": "Billy Zimmer",
      "Picture": "images/employees/42.png"
    },
    {
      "ID": 36,
      "Name": "Samantha Piper",
      "Picture": "images/employees/30.png"
    },
    {
      "ID": 37,
      "Name": "Maggie Boxter",
      "Picture": "images/employees/31.png"
    },
    {
      "ID": 38,
      "Name": "Terry Bradley",
      "Picture": "images/employees/33.png"
    },
    {
      "ID": 39,
      "Name": "Gabe Jones",
      "Picture": "images/employees/35.png"
    },
    {
      "ID": 40,
      "Name": "Lucy Ball",
      "Picture": "images/employees/36.png"
    },
    {
      "ID": 41,
      "Name": "Jim Packard",
      "Picture": "images/employees/43.png"
    },
    {
      "ID": 42,
      "Name": "Hannah Brookly",
      "Picture": "images/employees/39.png"
    },
    {
      "ID": 43,
      "Name": "Harv Mudd",
      "Picture": "images/employees/44.png"
    },
    {
      "ID": 44,
      "Name": "Clark Morgan",
      "Picture": "images/employees/45.png"
    },
    {
      "ID": 45,
      "Name": "Todd Hoffman",
      "Picture": "images/employees/46.png"
    },
    {
      "ID": 46,
      "Name": "Jackie Garmin",
      "Picture": "images/employees/47.png"
    },
    {
      "ID": 47,
      "Name": "Lincoln Bartlett",
      "Picture": "images/employees/49.png"
    },
    {
      "ID": 48,
      "Name": "Brad Farkus",
      "Picture": "images/employees/50.png"
    },
    {
      "ID": 49,
      "Name": "Jenny Hobbs",
      "Picture": "images/employees/48.png"
    },
    {
      "ID": 50,
      "Name": "Dallas Lou",
      "Picture": "images/employees/41.png"
    },
    {
      "ID": 51,
      "Name": "Stu Pizaro"
    }
  ],
  "priorities": [{ "ID": 1, "Value": "Low" }, { "ID": 2, "Value": "Normal" }, { "ID": 3, "Value": "Urgent" }, { "ID": 4, "Value": "High" }]
}
